rank,strategy_id,name,cagr,total_return,sharpe,max_drawdown,max_drawdown_days,win_rate,trades,run_date
4,biggest-winner-inverse,Biggest Winner Inverse ETF,0.24360609918878318,1.9951599595692067,1.0334857154093071,0.3337608611870845,691,1,1,2026-10-01T11:53:15-05:00
8,vym-margin-buy-hold,VYM 2x Margin Max Buying Power Buy & Hold (Vanguard High Dividend Yield ETF),0.15503317718379384,1.0498889854404692,0.6605699585972853,0.3353428035567033,535,1,1,2026-10-01T11:53:15-05:00
11,dvy-margin-buy-hold,DVY 2x Margin Max Buying Power Buy & Hold (iShares Select Dividend ETF),0.11998279374061593,0.7582488323000268,0.5218977911435949,0.4113230456839096,588,1,1,2026-10-01T11:53:15-05:00
12,voo-buy-hold,VOO Buy & Hold (Passive S&P 500 Benchmark),0.11732627744208868,0.7375772061867675,0.7420326580697876,0.25332407809961816,512,1,1,2026-10-01T11:53:15-05:00
13,vym-buy-hold,"VYM Buy & Hold (Vanguard High Dividend Yield ETF, total return)",0.11564665710350486,0.7246078273580858,0.8632831700167026,0.1583294002466479,259,1,1,2026-10-01T11:53:15-05:00
14,dvy-buy-hold,"DVY Buy & Hold (iShares Select Dividend ETF, total return)",0.09604868111022324,0.5789157043125917,0.6863356365454268,0.17525230910467593,486,1,1,2026-10-01T11:53:15-05:00
15,schd-buy-hold,"SCHD Buy & Hold (Schwab U.S. Dividend Equity ETF, total return)",0.09445206660361904,0.5674944617214968,0.7013187862745359,0.16842692084255362,492,1,1,2026-10-01T11:53:15-05:00
3,sig-voo-buy-tecl,VOO→TECL,0.40249958941834807,4.390126739411054,1.4177382036064408,0.1273536085825649,112,0.7894736842105263,57,2026-10-01T11:53:15-05:00
2,nvdl_tree,NVDL Decision Tree (Precision 200-SMA Bounce),0.4201715687665277,2.7471075692942204,1.959424279179849,0.12792389001277565,58,0.717948717948718,39,2026-10-01T11:53:15-05:00
1,mara_pdd_nvdl,MARA + PDD + NVDL,0.4255787334361729,4.846563337820772,3.0975702267686804,0.09175856459627448,83,0.6694214876033058,242,2026-10-01T11:53:15-05:00
5,pdd_tree,PDD Decision Tree (Precision 200-SMA Bounce),0.2384100014237367,1.9005456501881184,1.4705394651327404,0.11815334227453982,181,0.625,80,2026-10-01T11:53:15-05:00
6,biggest-winner-short,Biggest Winner Short,0.20348872472724766,1.539591378904946,0.607462255764183,0.7604070599082755,373,0.6,5,2026-10-01T11:53:15-05:00
7,mara_tree,MARA Decision Tree (Precision 200-SMA Bounce),0.18110402848650575,1.2909017567963608,0.9720264981808291,0.19420105718301914,242,0.5595238095238095,84,2026-10-01T11:53:15-05:00
19,voo-up3,VOO 3-Up → TQQQ,-0.011135365800366004,-0.05424049134922039,0.026635139310343045,0.40849145033248063,597,0.5486725663716814,113,2026-10-01T11:53:15-05:00
20,sig-voo-up1-buy-tqqq,VOO Up+Volume → TQQQ,-0.017193065334753843,-0.08274412687787132,0.09758857298974134,0.47043477428124536,625,0.5454545454545454,143,2026-10-01T11:53:15-05:00
16,sig-qqq-up1-buy-tqqq,QQQ Up+Volume → TQQQ,0.00019793162743186876,0.000986119277744001,0.10296444454142974,0.527525674325634,1211,0.5311355311355311,273,2026-10-01T11:53:15-05:00
9,gld-decline,GLD 2-Day Consecutive Decline Reversal,0.15422474917861706,1.0427536319734907,1.5434044360797021,0.1087419564410109,205,0.5238095238095238,105,2026-10-01T11:53:15-05:00
18,tsll-daily-one-share,"TSLL Daily 1-Share, 1-Day Hold",-0.00024712454034214737,-0.001016545739287103,-1.8231154070987565,0.0010490685685805295,1032,0.4821600771456123,1037,2026-10-01T11:53:15-05:00
21,sig-qqq-up1-buy-sqqq,QQQ Up+Volume → SQQQ,-0.047650497799473945,-0.21584394052270683,-0.17052588013945746,0.4785523433268109,933,0.4432234432234432,273,2026-10-01T11:53:15-05:00
10,googl-hop,GOOGL 7% Trailing Stop & SMA20 Re-Entry Hop,0.1441439039462984,0.9690637798505882,0.6714433746301053,0.28614024495903645,419,0.41025641025641024,39,2026-10-01T11:53:15-05:00
22,sig-voo-buy-spxu,VOO→SPXU,-0.06956951432885505,-0.3017016611891014,-0.6047284210040819,0.4395111829287769,877,0.40458015267175573,131,2026-10-01T11:53:15-05:00
23,biggest-winner,Biggest Winner Backtest,-0.42649308489361193,-0.939042400721445,-0.26973518008843284,0.9822511878397845,1190,0.4,5,2026-10-01T11:53:15-05:00
17,schd-margin-buy-hold,SCHD 2x Margin Max Buying Power Buy & Hold (Schwab U.S. Dividend Equity ETF),0,0,0,0,0,0,0,2026-10-01T11:53:15-05:00