symbol,tp,sl,hold,cagr,max_dd,max_dd_days,trades,win_rate,score
HIBL,0.1200,0.0600,3,0.4239,0.2153,122,187,0.5561,0.261427
NAIL,0.0800,0.0800,1,0.3256,0.1726,47,151,0.6887,0.246002
WANT,0.1200,0.0800,1,0.3953,0.2885,168,382,0.5445,0.210107
MEXX,0.0500,0.0800,5,0.2591,0.2190,68,119,0.7395,0.179138
WEBL,0.0800,0.0800,5,0.2940,0.1218,215,95,0.6632,0.164923
SOXL,0.1200,0.0600,1,0.3532,0.2306,287,580,0.5897,0.160658
PILL,0.0800,0.0600,1,0.2975,0.1982,243,361,0.5789,0.149044
UBOT,0.1200,0.0400,1,0.2203,0.1408,123,177,0.6045,0.144416
CWEB,0.1200,0.0400,1,0.1737,0.1569,15,45,0.5778,0.144250
DFEN,0.1200,0.0600,3,0.3091,0.5627,170,336,0.5387,0.134928
ERX,0.0800,0.0800,1,0.2838,0.3020,285,833,0.5702,0.122381
FTXL,0.1200,0.0600,1,0.1825,0.0773,153,360,0.5917,0.119350
ARKF,0.1200,0.0400,3,0.2000,0.2138,162,284,0.5845,0.114119
TPOR,0.0800,0.0600,1,0.1783,0.1324,181,314,0.5287,0.105237
KORU,0.1200,0.0400,3,0.2584,0.4139,296,195,0.5077,0.100903
DPST,0.1200,0.0800,1,0.2435,0.2636,339,414,0.5217,0.099891
EURL,0.0800,0.0800,1,0.1708,0.1815,164,167,0.6048,0.099771
NUGT,0.1200,0.0800,1,0.2774,0.3377,407,526,0.5722,0.098028
JNUG,0.1200,0.0800,1,0.3318,0.2774,607,401,0.5561,0.097535
MIDU,0.0800,0.0800,5,0.1980,0.3304,195,333,0.6036,0.096977
LABD,0.1200,0.0800,1,0.1706,0.1049,238,121,0.6198,0.093432
GUSH,0.0800,0.0800,1,0.2508,0.2847,412,505,0.5703,0.091711
UMDD,0.0800,0.0600,1,0.1750,0.2197,233,630,0.5349,0.087553
YANG,0.1200,0.0800,1,0.2182,0.2978,389,1462,0.5205,0.081386
URTY,0.1200,0.0800,3,0.1647,0.1047,336,104,0.6923,0.077649
TECL,0.1200,0.0400,1,0.1444,0.2057,202,134,0.6045,0.077080
TQQQ,0.1200,0.0800,1,0.1362,0.2387,165,115,0.6174,0.075707
GOAU,0.1200,0.0600,3,0.1666,0.3098,265,510,0.5314,0.073692
UYM,0.1200,0.0600,3,0.1402,0.1523,253,176,0.6023,0.071883
RETL,0.1200,0.0800,1,0.1495,0.1591,293,407,0.5283,0.071564
FXP,0.1200,0.0400,1,0.1439,0.0982,318,413,0.5472,0.070028
FAS,0.1200,0.0800,3,0.1338,0.2286,225,114,0.6053,0.067348
UWM,0.1200,0.0800,1,0.1517,0.4326,224,1237,0.5190,0.065613
UDOW,0.1200,0.0600,5,0.1147,0.1287,205,100,0.5300,0.065082
EDC,0.0300,0.0600,1,0.1453,0.1544,355,394,0.5990,0.063813
PSI,0.1200,0.0800,1,0.1128,0.1848,189,611,0.5565,0.062741
SIL,0.1200,0.0800,3,0.1266,0.1222,312,271,0.5424,0.060838
LRNZ,0.1200,0.0400,3,0.1154,0.2607,212,260,0.5500,0.057914
FDTS,0.1200,0.0600,1,0.1150,0.0406,346,101,0.5842,0.056746
USD,0.0800,0.0800,5,0.1895,0.3347,607,208,0.6346,0.053309
ARKK,0.1200,0.0600,1,0.1246,0.1802,364,516,0.5484,0.052868
DRIP,0.0800,0.0800,1,0.2397,0.4523,820,453,0.5497,0.050848
QLD,0.0800,0.0800,3,0.1550,0.2561,537,327,0.5994,0.049936
SSG,0.1200,0.0800,1,0.1106,0.1214,361,261,0.4943,0.049584
BRZU,0.0800,0.0800,1,0.1466,0.2718,514,165,0.5758,0.047876
ARKW,0.0800,0.0600,3,0.1409,0.2422,511,410,0.5780,0.047255
EWY,0.0500,0.0800,1,0.1283,0.3232,486,1824,0.5323,0.041573
EZJ,0.1200,0.0800,1,0.1158,0.1968,486,1050,0.5143,0.041515
LABU,0.1200,0.0800,1,0.1327,0.2827,570,224,0.5402,0.040400
SILJ,0.1200,0.0800,5,0.1424,0.5462,492,537,0.5326,0.039225
XSD,0.1200,0.0800,3,0.1124,0.2743,477,853,0.5475,0.038247
SOXS,0.0800,0.0800,5,0.0660,0.2845,150,67,0.5522,0.036430
RING,0.1200,0.0600,3,0.1057,0.2336,521,251,0.5219,0.035284
SGDM,0.0800,0.0800,3,0.1080,0.2600,548,446,0.5448,0.034261
TECS,0.0300,0.0800,1,0.0719,0.1472,344,75,0.5467,0.032286
TZA,0.0800,0.0400,1,0.0659,0.1361,323,128,0.5078,0.030790
SLVP,0.1200,0.0800,5,0.1149,0.4297,593,416,0.5288,0.030622
DIG,0.0800,0.0800,3,0.0634,0.1023,338,30,0.6000,0.029874
SRTY,0.1200,0.0800,1,0.0593,0.1580,351,74,0.4595,0.026089
PXJ,0.1200,0.0600,5,0.0844,0.2356,634,383,0.4961,0.024952
DUST,0.1200,0.0600,1,0.0603,0.1108,430,64,0.4844,0.024906
CHAU,0.0300,0.0400,5,0.1216,0.3955,914,687,0.5604,0.024858
FLKR,0.0800,0.0800,3,0.1331,0.3109,1159,440,0.5227,0.024311
QCLN,0.1200,0.0800,1,0.0712,0.1994,538,551,0.5426,0.024003
DUSL,0.1200,0.0600,1,0.0707,0.3583,433,245,0.5143,0.023811
EDZ,0.0800,0.0600,1,0.1142,0.4898,832,1984,0.4788,0.023364
XES,0.1200,0.0800,3,0.0973,0.3472,1429,233,0.5236,0.014694
GDXJ,0.0800,0.0400,5,0.0827,0.3655,1560,494,0.4575,0.011489
GDX,0.1200,0.0600,3,0.0853,0.4126,2143,581,0.5077,0.008785
OIH,0.0500,0.0400,5,0.0595,0.4292,1672,610,0.5295,0.007462
PSCE,0.1200,0.0400,3,0.0565,0.5363,1626,1106,0.5090,0.006745
TMV,0.0800,0.0600,3,0.0213,0.5559,2541,746,0.4705,0.001717
URA,0.1200,0.0800,5,0.0028,0.6679,3680,603,0.4760,0.000154
TTT,0.0800,0.0600,5,0.0008,0.5635,3283,427,0.4778,0.000049
QID,0.0800,0.0800,1,-0.1382,0.9796,4405,3750,0.4237,-0.005343
